,No,W1,W2,W3,W4
0,102,"[[[255 255 255 255]
  [255 255 255 255]
  [255 255 255 255]
  ...
  [255 255 255 255]
  [255 255 255 255]
  [255 255 255 255]]

 [[255 255 255 255]
  [255 255 255 255]
  [255 255 255 255]
  ...
  [255 255 255 255]
  [255 255 255 255]
  [255 255 255 255]]

 [[255 255 255 255]
  [255 255 255 255]
  [255 255 255 255]
  ...
  [255 255 255 255]
  [255 255 255 255]
  [255 255 255 255]]

 ...

 [[255 255 255 255]
  [255 255 255 255]
  [255 255 255 255]
  ...
  [255 255 255 255]
  [255 255 255 255]
  [255 255 255 255]]

 [[255 255 255 255]
  [255 255 255 255]
  [255 255 255 255]
  ...
  [255 255 255 255]
  [255 255 255 255]
  [255 255 255 255]]

 [[255 255 255 255]
  [255 255 255 255]
  [255 255 255 255]
  ...
  [255 255 255 255]
  [255 255 255 255]
  [255 255 255 255]]]","[[[255 255 255 255]
  [255 255 255 255]
  [255 255 255 255]
  ...
  [255 255 255 255]
  [255 255 255 255]
  [255 255 255 255]]

 [[255 255 255 255]
  [255 255 255 255]
  [255 255 255 255]
  ...
  [255 255 255 255]
  [255 255 255 255]
  [255 255 255 255]]

 [[255 255 255 255]
  [255 255 255 255]
  [255 255 255 255]
  ...
  [255 255 255 255]
  [255 255 255 255]
  [255 255 255 255]]

 ...

 [[255 255 255 255]
  [255 255 255 255]
  [255 255 255 255]
  ...
  [255 255 255 255]
  [255 255 255 255]
  [255 255 255 255]]

 [[255 255 255 255]
  [255 255 255 255]
  [255 255 255 255]
  ...
  [255 255 255 255]
  [255 255 255 255]
  [255 255 255 255]]

 [[255 255 255 255]
  [255 255 255 255]
  [255 255 255 255]
  ...
  [255 255 255 255]
  [255 255 255 255]
  [255 255 255 255]]]","[[[255 255 255 255]
  [255 255 255 255]
  [255 255 255 255]
  ...
  [255 255 255 255]
  [255 255 255 255]
  [255 255 255 255]]

 [[255 255 255 255]
  [255 255 255 255]
  [255 255 255 255]
  ...
  [255 255 255 255]
  [255 255 255 255]
  [255 255 255 255]]

 [[255 255 255 255]
  [255 255 255 255]
  [255 255 255 255]
  ...
  [255 255 255 255]
  [255 255 255 255]
  [255 255 255 255]]

 ...

 [[255 255 255 255]
  [255 255 255 255]
  [255 255 255 255]
  ...
  [255 255 255 255]
  [255 255 255 255]
  [255 255 255 255]]

 [[255 255 255 255]
  [255 255 255 255]
  [255 255 255 255]
  ...
  [255 255 255 255]
  [255 255 255 255]
  [255 255 255 255]]

 [[255 255 255 255]
  [255 255 255 255]
  [255 255 255 255]
  ...
  [255 255 255 255]
  [255 255 255 255]
  [255 255 255 255]]]","[[[255 255 255 255]
  [255 255 255 255]
  [255 255 255 255]
  ...
  [255 255 255 255]
  [255 255 255 255]
  [255 255 255 255]]

 [[255 255 255 255]
  [255 255 255 255]
  [255 255 255 255]
  ...
  [255 255 255 255]
  [255 255 255 255]
  [255 255 255 255]]

 [[255 255 255 255]
  [255 255 255 255]
  [255 255 255 255]
  ...
  [255 255 255 255]
  [255 255 255 255]
  [255 255 255 255]]

 ...

 [[255 255 255 255]
  [255 255 255 255]
  [255 255 255 255]
  ...
  [255 255 255 255]
  [255 255 255 255]
  [255 255 255 255]]

 [[255 255 255 255]
  [255 255 255 255]
  [255 255 255 255]
  ...
  [255 255 255 255]
  [255 255 255 255]
  [255 255 255 255]]

 [[255 255 255 255]
  [255 255 255 255]
  [255 255 255 255]
  ...
  [255 255 255 255]
  [255 255 255 255]
  [255 255 255 255]]]"
1,128,"[[[255 255 255 255]
  [255 255 255 255]
  [255 255 255 255]
  ...
  [255 255 255 255]
  [255 255 255 255]
  [255 255 255 255]]

 [[255 255 255 255]
  [255 255 255 255]
  [255 255 255 255]
  ...
  [255 255 255 255]
  [255 255 255 255]
  [255 255 255 255]]

 [[255 255 255 255]
  [255 255 255 255]
  [255 255 255 255]
  ...
  [255 255 255 255]
  [255 255 255 255]
  [255 255 255 255]]

 ...

 [[255 255 255 255]
  [255 255 255 255]
  [255 255 255 255]
  ...
  [255 255 255 255]
  [255 255 255 255]
  [255 255 255 255]]

 [[255 255 255 255]
  [255 255 255 255]
  [255 255 255 255]
  ...
  [255 255 255 255]
  [255 255 255 255]
  [255 255 255 255]]

 [[255 255 255 255]
  [255 255 255 255]
  [255 255 255 255]
  ...
  [255 255 255 255]
  [255 255 255 255]
  [255 255 255 255]]]","[[[255 255 255 255]
  [255 255 255 255]
  [255 255 255 255]
  ...
  [255 255 255 255]
  [255 255 255 255]
  [255 255 255 255]]

 [[255 255 255 255]
  [255 255 255 255]
  [255 255 255 255]
  ...
  [255 255 255 255]
  [255 255 255 255]
  [255 255 255 255]]

 [[255 255 255 255]
  [255 255 255 255]
  [255 255 255 255]
  ...
  [255 255 255 255]
  [255 255 255 255]
  [255 255 255 255]]

 ...

 [[255 255 255 255]
  [255 255 255 255]
  [255 255 255 255]
  ...
  [255 255 255 255]
  [255 255 255 255]
  [255 255 255 255]]

 [[255 255 255 255]
  [255 255 255 255]
  [255 255 255 255]
  ...
  [255 255 255 255]
  [255 255 255 255]
  [255 255 255 255]]

 [[255 255 255 255]
  [255 255 255 255]
  [255 255 255 255]
  ...
  [255 255 255 255]
  [255 255 255 255]
  [255 255 255 255]]]","[[[255 255 255 255]
  [255 255 255 255]
  [255 255 255 255]
  ...
  [255 255 255 255]
  [255 255 255 255]
  [255 255 255 255]]

 [[255 255 255 255]
  [255 255 255 255]
  [255 255 255 255]
  ...
  [255 255 255 255]
  [255 255 255 255]
  [255 255 255 255]]

 [[255 255 255 255]
  [255 255 255 255]
  [255 255 255 255]
  ...
  [255 255 255 255]
  [255 255 255 255]
  [255 255 255 255]]

 ...

 [[255 255 255 255]
  [255 255 255 255]
  [255 255 255 255]
  ...
  [255 255 255 255]
  [255 255 255 255]
  [255 255 255 255]]

 [[255 255 255 255]
  [255 255 255 255]
  [255 255 255 255]
  ...
  [255 255 255 255]
  [255 255 255 255]
  [255 255 255 255]]

 [[255 255 255 255]
  [255 255 255 255]
  [255 255 255 255]
  ...
  [255 255 255 255]
  [255 255 255 255]
  [255 255 255 255]]]","[[[255 255 255 255]
  [255 255 255 255]
  [255 255 255 255]
  ...
  [255 255 255 255]
  [255 255 255 255]
  [255 255 255 255]]

 [[255 255 255 255]
  [255 255 255 255]
  [255 255 255 255]
  ...
  [255 255 255 255]
  [255 255 255 255]
  [255 255 255 255]]

 [[255 255 255 255]
  [255 255 255 255]
  [255 255 255 255]
  ...
  [255 255 255 255]
  [255 255 255 255]
  [255 255 255 255]]

 ...

 [[255 255 255 255]
  [255 255 255 255]
  [255 255 255 255]
  ...
  [255 255 255 255]
  [255 255 255 255]
  [255 255 255 255]]

 [[255 255 255 255]
  [255 255 255 255]
  [255 255 255 255]
  ...
  [255 255 255 255]
  [255 255 255 255]
  [255 255 255 255]]

 [[255 255 255 255]
  [255 255 255 255]
  [255 255 255 255]
  ...
  [255 255 255 255]
  [255 255 255 255]
  [255 255 255 255]]]"
2,136,"[[[255 255 255 255]
  [255 255 255 255]
  [255 255 255 255]
  ...
  [255 255 255 255]
  [255 255 255 255]
  [255 255 255 255]]

 [[255 255 255 255]
  [255 255 255 255]
  [255 255 255 255]
  ...
  [255 255 255 255]
  [255 255 255 255]
  [255 255 255 255]]

 [[255 255 255 255]
  [255 255 255 255]
  [255 255 255 255]
  ...
  [255 255 255 255]
  [255 255 255 255]
  [255 255 255 255]]

 ...

 [[255 255 255 255]
  [255 255 255 255]
  [255 255 255 255]
  ...
  [255 255 255 255]
  [255 255 255 255]
  [255 255 255 255]]

 [[255 255 255 255]
  [255 255 255 255]
  [255 255 255 255]
  ...
  [255 255 255 255]
  [255 255 255 255]
  [255 255 255 255]]

 [[255 255 255 255]
  [255 255 255 255]
  [255 255 255 255]
  ...
  [255 255 255 255]
  [255 255 255 255]
  [255 255 255 255]]]","[[[255 255 255 255]
  [255 255 255 255]
  [255 255 255 255]
  ...
  [255 255 255 255]
  [255 255 255 255]
  [255 255 255 255]]

 [[255 255 255 255]
  [255 255 255 255]
  [255 255 255 255]
  ...
  [255 255 255 255]
  [255 255 255 255]
  [255 255 255 255]]

 [[255 255 255 255]
  [255 255 255 255]
  [255 255 255 255]
  ...
  [255 255 255 255]
  [255 255 255 255]
  [255 255 255 255]]

 ...

 [[255 255 255 255]
  [255 255 255 255]
  [255 255 255 255]
  ...
  [255 255 255 255]
  [255 255 255 255]
  [255 255 255 255]]

 [[255 255 255 255]
  [255 255 255 255]
  [255 255 255 255]
  ...
  [255 255 255 255]
  [255 255 255 255]
  [255 255 255 255]]

 [[255 255 255 255]
  [255 255 255 255]
  [255 255 255 255]
  ...
  [255 255 255 255]
  [255 255 255 255]
  [255 255 255 255]]]","[[[255 255 255 255]
  [255 255 255 255]
  [255 255 255 255]
  ...
  [255 255 255 255]
  [255 255 255 255]
  [255 255 255 255]]

 [[255 255 255 255]
  [255 255 255 255]
  [255 255 255 255]
  ...
  [255 255 255 255]
  [255 255 255 255]
  [255 255 255 255]]

 [[255 255 255 255]
  [255 255 255 255]
  [255 255 255 255]
  ...
  [255 255 255 255]
  [255 255 255 255]
  [255 255 255 255]]

 ...

 [[255 255 255 255]
  [255 255 255 255]
  [255 255 255 255]
  ...
  [255 255 255 255]
  [255 255 255 255]
  [255 255 255 255]]

 [[255 255 255 255]
  [255 255 255 255]
  [255 255 255 255]
  ...
  [255 255 255 255]
  [255 255 255 255]
  [255 255 255 255]]

 [[255 255 255 255]
  [255 255 255 255]
  [255 255 255 255]
  ...
  [255 255 255 255]
  [255 255 255 255]
  [255 255 255 255]]]","[[[255 255 255 255]
  [255 255 255 255]
  [255 255 255 255]
  ...
  [255 255 255 255]
  [255 255 255 255]
  [255 255 255 255]]

 [[255 255 255 255]
  [255 255 255 255]
  [255 255 255 255]
  ...
  [255 255 255 255]
  [255 255 255 255]
  [255 255 255 255]]

 [[255 255 255 255]
  [255 255 255 255]
  [255 255 255 255]
  ...
  [255 255 255 255]
  [255 255 255 255]
  [255 255 255 255]]

 ...

 [[255 255 255 255]
  [255 255 255 255]
  [255 255 255 255]
  ...
  [255 255 255 255]
  [255 255 255 255]
  [255 255 255 255]]

 [[255 255 255 255]
  [255 255 255 255]
  [255 255 255 255]
  ...
  [255 255 255 255]
  [255 255 255 255]
  [255 255 255 255]]

 [[255 255 255 255]
  [255 255 255 255]
  [255 255 255 255]
  ...
  [255 255 255 255]
  [255 255 255 255]
  [255 255 255 255]]]"
3,16,"[[[255 255 255 255]
  [255 255 255 255]
  [255 255 255 255]
  ...
  [255 255 255 255]
  [255 255 255 255]
  [255 255 255 255]]

 [[255 255 255 255]
  [255 255 255 255]
  [255 255 255 255]
  ...
  [255 255 255 255]
  [255 255 255 255]
  [255 255 255 255]]

 [[255 255 255 255]
  [255 255 255 255]
  [255 255 255 255]
  ...
  [255 255 255 255]
  [255 255 255 255]
  [255 255 255 255]]

 ...

 [[255 255 255 255]
  [255 255 255 255]
  [255 255 255 255]
  ...
  [255 255 255 255]
  [255 255 255 255]
  [255 255 255 255]]

 [[255 255 255 255]
  [255 255 255 255]
  [255 255 255 255]
  ...
  [255 255 255 255]
  [255 255 255 255]
  [255 255 255 255]]

 [[255 255 255 255]
  [255 255 255 255]
  [255 255 255 255]
  ...
  [255 255 255 255]
  [255 255 255 255]
  [255 255 255 255]]]","[[[255 255 255 255]
  [255 255 255 255]
  [255 255 255 255]
  ...
  [255 255 255 255]
  [255 255 255 255]
  [255 255 255 255]]

 [[255 255 255 255]
  [255 255 255 255]
  [255 255 255 255]
  ...
  [255 255 255 255]
  [255 255 255 255]
  [255 255 255 255]]

 [[255 255 255 255]
  [255 255 255 255]
  [255 255 255 255]
  ...
  [255 255 255 255]
  [255 255 255 255]
  [255 255 255 255]]

 ...

 [[255 255 255 255]
  [255 255 255 255]
  [255 255 255 255]
  ...
  [255 255 255 255]
  [255 255 255 255]
  [255 255 255 255]]

 [[255 255 255 255]
  [255 255 255 255]
  [255 255 255 255]
  ...
  [255 255 255 255]
  [255 255 255 255]
  [255 255 255 255]]

 [[255 255 255 255]
  [255 255 255 255]
  [255 255 255 255]
  ...
  [255 255 255 255]
  [255 255 255 255]
  [255 255 255 255]]]","[[[255 255 255 255]
  [255 255 255 255]
  [255 255 255 255]
  ...
  [255 255 255 255]
  [255 255 255 255]
  [255 255 255 255]]

 [[255 255 255 255]
  [255 255 255 255]
  [255 255 255 255]
  ...
  [255 255 255 255]
  [255 255 255 255]
  [255 255 255 255]]

 [[255 255 255 255]
  [255 255 255 255]
  [255 255 255 255]
  ...
  [255 255 255 255]
  [255 255 255 255]
  [255 255 255 255]]

 ...

 [[255 255 255 255]
  [255 255 255 255]
  [255 255 255 255]
  ...
  [255 255 255 255]
  [255 255 255 255]
  [255 255 255 255]]

 [[255 255 255 255]
  [255 255 255 255]
  [255 255 255 255]
  ...
  [255 255 255 255]
  [255 255 255 255]
  [255 255 255 255]]

 [[255 255 255 255]
  [255 255 255 255]
  [255 255 255 255]
  ...
  [255 255 255 255]
  [255 255 255 255]
  [255 255 255 255]]]","[[[255 255 255 255]
  [255 255 255 255]
  [255 255 255 255]
  ...
  [255 255 255 255]
  [255 255 255 255]
  [255 255 255 255]]

 [[255 255 255 255]
  [255 255 255 255]
  [255 255 255 255]
  ...
  [255 255 255 255]
  [255 255 255 255]
  [255 255 255 255]]

 [[255 255 255 255]
  [255 255 255 255]
  [255 255 255 255]
  ...
  [255 255 255 255]
  [255 255 255 255]
  [255 255 255 255]]

 ...

 [[255 255 255 255]
  [255 255 255 255]
  [255 255 255 255]
  ...
  [255 255 255 255]
  [255 255 255 255]
  [255 255 255 255]]

 [[255 255 255 255]
  [255 255 255 255]
  [255 255 255 255]
  ...
  [255 255 255 255]
  [255 255 255 255]
  [255 255 255 255]]

 [[255 255 255 255]
  [255 255 255 255]
  [255 255 255 255]
  ...
  [255 255 255 255]
  [255 255 255 255]
  [255 255 255 255]]]"
4,18,"[[[255 255 255 255]
  [255 255 255 255]
  [255 255 255 255]
  ...
  [255 255 255 255]
  [255 255 255 255]
  [255 255 255 255]]

 [[255 255 255 255]
  [255 255 255 255]
  [255 255 255 255]
  ...
  [255 255 255 255]
  [255 255 255 255]
  [255 255 255 255]]

 [[255 255 255 255]
  [255 255 255 255]
  [255 255 255 255]
  ...
  [255 255 255 255]
  [255 255 255 255]
  [255 255 255 255]]

 ...

 [[255 255 255 255]
  [255 255 255 255]
  [255 255 255 255]
  ...
  [255 255 255 255]
  [255 255 255 255]
  [255 255 255 255]]

 [[255 255 255 255]
  [255 255 255 255]
  [255 255 255 255]
  ...
  [255 255 255 255]
  [255 255 255 255]
  [255 255 255 255]]

 [[255 255 255 255]
  [255 255 255 255]
  [255 255 255 255]
  ...
  [255 255 255 255]
  [255 255 255 255]
  [255 255 255 255]]]","[[[255 255 255 255]
  [255 255 255 255]
  [255 255 255 255]
  ...
  [255 255 255 255]
  [255 255 255 255]
  [255 255 255 255]]

 [[255 255 255 255]
  [255 255 255 255]
  [255 255 255 255]
  ...
  [255 255 255 255]
  [255 255 255 255]
  [255 255 255 255]]

 [[255 255 255 255]
  [255 255 255 255]
  [255 255 255 255]
  ...
  [255 255 255 255]
  [255 255 255 255]
  [255 255 255 255]]

 ...

 [[255 255 255 255]
  [255 255 255 255]
  [255 255 255 255]
  ...
  [255 255 255 255]
  [255 255 255 255]
  [255 255 255 255]]

 [[255 255 255 255]
  [255 255 255 255]
  [255 255 255 255]
  ...
  [255 255 255 255]
  [255 255 255 255]
  [255 255 255 255]]

 [[255 255 255 255]
  [255 255 255 255]
  [255 255 255 255]
  ...
  [255 255 255 255]
  [255 255 255 255]
  [255 255 255 255]]]","[[[255 255 255 255]
  [255 255 255 255]
  [255 255 255 255]
  ...
  [255 255 255 255]
  [255 255 255 255]
  [255 255 255 255]]

 [[255 255 255 255]
  [255 255 255 255]
  [255 255 255 255]
  ...
  [255 255 255 255]
  [255 255 255 255]
  [255 255 255 255]]

 [[255 255 255 255]
  [255 255 255 255]
  [255 255 255 255]
  ...
  [255 255 255 255]
  [255 255 255 255]
  [255 255 255 255]]

 ...

 [[255 255 255 255]
  [255 255 255 255]
  [255 255 255 255]
  ...
  [255 255 255 255]
  [255 255 255 255]
  [255 255 255 255]]

 [[255 255 255 255]
  [255 255 255 255]
  [255 255 255 255]
  ...
  [255 255 255 255]
  [255 255 255 255]
  [255 255 255 255]]

 [[255 255 255 255]
  [255 255 255 255]
  [255 255 255 255]
  ...
  [255 255 255 255]
  [255 255 255 255]
  [255 255 255 255]]]","[[[255 255 255 255]
  [255 255 255 255]
  [255 255 255 255]
  ...
  [255 255 255 255]
  [255 255 255 255]
  [255 255 255 255]]

 [[255 255 255 255]
  [255 255 255 255]
  [255 255 255 255]
  ...
  [255 255 255 255]
  [255 255 255 255]
  [255 255 255 255]]

 [[255 255 255 255]
  [255 255 255 255]
  [255 255 255 255]
  ...
  [255 255 255 255]
  [255 255 255 255]
  [255 255 255 255]]

 ...

 [[255 255 255 255]
  [255 255 255 255]
  [255 255 255 255]
  ...
  [255 255 255 255]
  [255 255 255 255]
  [255 255 255 255]]

 [[255 255 255 255]
  [255 255 255 255]
  [255 255 255 255]
  ...
  [255 255 255 255]
  [255 255 255 255]
  [255 255 255 255]]

 [[255 255 255 255]
  [255 255 255 255]
  [255 255 255 255]
  ...
  [255 255 255 255]
  [255 255 255 255]
  [255 255 255 255]]]"
5,23,"[[[255 255 255 255]
  [255 255 255 255]
  [255 255 255 255]
  ...
  [255 255 255 255]
  [255 255 255 255]
  [255 255 255 255]]

 [[255 255 255 255]
  [255 255 255 255]
  [255 255 255 255]
  ...
  [255 255 255 255]
  [255 255 255 255]
  [255 255 255 255]]

 [[255 255 255 255]
  [255 255 255 255]
  [255 255 255 255]
  ...
  [255 255 255 255]
  [255 255 255 255]
  [255 255 255 255]]

 ...

 [[255 255 255 255]
  [255 255 255 255]
  [255 255 255 255]
  ...
  [255 255 255 255]
  [255 255 255 255]
  [255 255 255 255]]

 [[255 255 255 255]
  [255 255 255 255]
  [255 255 255 255]
  ...
  [255 255 255 255]
  [255 255 255 255]
  [255 255 255 255]]

 [[255 255 255 255]
  [255 255 255 255]
  [255 255 255 255]
  ...
  [255 255 255 255]
  [255 255 255 255]
  [255 255 255 255]]]","[[[255 255 255 255]
  [255 255 255 255]
  [255 255 255 255]
  ...
  [255 255 255 255]
  [255 255 255 255]
  [255 255 255 255]]

 [[255 255 255 255]
  [255 255 255 255]
  [255 255 255 255]
  ...
  [255 255 255 255]
  [255 255 255 255]
  [255 255 255 255]]

 [[255 255 255 255]
  [255 255 255 255]
  [255 255 255 255]
  ...
  [255 255 255 255]
  [255 255 255 255]
  [255 255 255 255]]

 ...

 [[255 255 255 255]
  [255 255 255 255]
  [255 255 255 255]
  ...
  [255 255 255 255]
  [255 255 255 255]
  [255 255 255 255]]

 [[255 255 255 255]
  [255 255 255 255]
  [255 255 255 255]
  ...
  [255 255 255 255]
  [255 255 255 255]
  [255 255 255 255]]

 [[255 255 255 255]
  [255 255 255 255]
  [255 255 255 255]
  ...
  [255 255 255 255]
  [255 255 255 255]
  [255 255 255 255]]]","[[[255 255 255 255]
  [255 255 255 255]
  [255 255 255 255]
  ...
  [255 255 255 255]
  [255 255 255 255]
  [255 255 255 255]]

 [[255 255 255 255]
  [255 255 255 255]
  [255 255 255 255]
  ...
  [255 255 255 255]
  [255 255 255 255]
  [255 255 255 255]]

 [[255 255 255 255]
  [255 255 255 255]
  [255 255 255 255]
  ...
  [255 255 255 255]
  [255 255 255 255]
  [255 255 255 255]]

 ...

 [[255 255 255 255]
  [255 255 255 255]
  [255 255 255 255]
  ...
  [255 255 255 255]
  [255 255 255 255]
  [255 255 255 255]]

 [[255 255 255 255]
  [255 255 255 255]
  [255 255 255 255]
  ...
  [255 255 255 255]
  [255 255 255 255]
  [255 255 255 255]]

 [[255 255 255 255]
  [255 255 255 255]
  [255 255 255 255]
  ...
  [255 255 255 255]
  [255 255 255 255]
  [255 255 255 255]]]","[[[255 255 255 255]
  [255 255 255 255]
  [255 255 255 255]
  ...
  [255 255 255 255]
  [255 255 255 255]
  [255 255 255 255]]

 [[255 255 255 255]
  [255 255 255 255]
  [255 255 255 255]
  ...
  [255 255 255 255]
  [255 255 255 255]
  [255 255 255 255]]

 [[255 255 255 255]
  [255 255 255 255]
  [255 255 255 255]
  ...
  [255 255 255 255]
  [255 255 255 255]
  [255 255 255 255]]

 ...

 [[255 255 255 255]
  [255 255 255 255]
  [255 255 255 255]
  ...
  [255 255 255 255]
  [255 255 255 255]
  [255 255 255 255]]

 [[255 255 255 255]
  [255 255 255 255]
  [255 255 255 255]
  ...
  [255 255 255 255]
  [255 255 255 255]
  [255 255 255 255]]

 [[255 255 255 255]
  [255 255 255 255]
  [255 255 255 255]
  ...
  [255 255 255 255]
  [255 255 255 255]
  [255 255 255 255]]]"
6,35,"[[[255 255 255 255]
  [255 255 255 255]
  [255 255 255 255]
  ...
  [255 255 255 255]
  [255 255 255 255]
  [255 255 255 255]]

 [[255 255 255 255]
  [255 255 255 255]
  [255 255 255 255]
  ...
  [255 255 255 255]
  [255 255 255 255]
  [255 255 255 255]]

 [[255 255 255 255]
  [255 255 255 255]
  [255 255 255 255]
  ...
  [255 255 255 255]
  [255 255 255 255]
  [255 255 255 255]]

 ...

 [[255 255 255 255]
  [255 255 255 255]
  [255 255 255 255]
  ...
  [255 255 255 255]
  [255 255 255 255]
  [255 255 255 255]]

 [[255 255 255 255]
  [255 255 255 255]
  [255 255 255 255]
  ...
  [255 255 255 255]
  [255 255 255 255]
  [255 255 255 255]]

 [[255 255 255 255]
  [255 255 255 255]
  [255 255 255 255]
  ...
  [255 255 255 255]
  [255 255 255 255]
  [255 255 255 255]]]","[[[255 255 255 255]
  [255 255 255 255]
  [255 255 255 255]
  ...
  [255 255 255 255]
  [255 255 255 255]
  [255 255 255 255]]

 [[255 255 255 255]
  [255 255 255 255]
  [255 255 255 255]
  ...
  [255 255 255 255]
  [255 255 255 255]
  [255 255 255 255]]

 [[255 255 255 255]
  [255 255 255 255]
  [255 255 255 255]
  ...
  [255 255 255 255]
  [255 255 255 255]
  [255 255 255 255]]

 ...

 [[255 255 255 255]
  [255 255 255 255]
  [255 255 255 255]
  ...
  [255 255 255 255]
  [255 255 255 255]
  [255 255 255 255]]

 [[255 255 255 255]
  [255 255 255 255]
  [255 255 255 255]
  ...
  [255 255 255 255]
  [255 255 255 255]
  [255 255 255 255]]

 [[255 255 255 255]
  [255 255 255 255]
  [255 255 255 255]
  ...
  [255 255 255 255]
  [255 255 255 255]
  [255 255 255 255]]]","[[[255 255 255 255]
  [255 255 255 255]
  [255 255 255 255]
  ...
  [255 255 255 255]
  [255 255 255 255]
  [255 255 255 255]]

 [[255 255 255 255]
  [255 255 255 255]
  [255 255 255 255]
  ...
  [255 255 255 255]
  [255 255 255 255]
  [255 255 255 255]]

 [[255 255 255 255]
  [255 255 255 255]
  [255 255 255 255]
  ...
  [255 255 255 255]
  [255 255 255 255]
  [255 255 255 255]]

 ...

 [[255 255 255 255]
  [255 255 255 255]
  [255 255 255 255]
  ...
  [255 255 255 255]
  [255 255 255 255]
  [255 255 255 255]]

 [[255 255 255 255]
  [255 255 255 255]
  [255 255 255 255]
  ...
  [255 255 255 255]
  [255 255 255 255]
  [255 255 255 255]]

 [[255 255 255 255]
  [255 255 255 255]
  [255 255 255 255]
  ...
  [255 255 255 255]
  [255 255 255 255]
  [255 255 255 255]]]","[[[255 255 255 255]
  [255 255 255 255]
  [255 255 255 255]
  ...
  [255 255 255 255]
  [255 255 255 255]
  [255 255 255 255]]

 [[255 255 255 255]
  [255 255 255 255]
  [255 255 255 255]
  ...
  [255 255 255 255]
  [255 255 255 255]
  [255 255 255 255]]

 [[255 255 255 255]
  [255 255 255 255]
  [255 255 255 255]
  ...
  [255 255 255 255]
  [255 255 255 255]
  [255 255 255 255]]

 ...

 [[255 255 255 255]
  [255 255 255 255]
  [255 255 255 255]
  ...
  [255 255 255 255]
  [255 255 255 255]
  [255 255 255 255]]

 [[255 255 255 255]
  [255 255 255 255]
  [255 255 255 255]
  ...
  [255 255 255 255]
  [255 255 255 255]
  [255 255 255 255]]

 [[255 255 255 255]
  [255 255 255 255]
  [255 255 255 255]
  ...
  [255 255 255 255]
  [255 255 255 255]
  [255 255 255 255]]]"
7,40,"[[[255 255 255 255]
  [255 255 255 255]
  [255 255 255 255]
  ...
  [255 255 255 255]
  [255 255 255 255]
  [255 255 255 255]]

 [[255 255 255 255]
  [255 255 255 255]
  [255 255 255 255]
  ...
  [255 255 255 255]
  [255 255 255 255]
  [255 255 255 255]]

 [[255 255 255 255]
  [255 255 255 255]
  [255 255 255 255]
  ...
  [255 255 255 255]
  [255 255 255 255]
  [255 255 255 255]]

 ...

 [[255 255 255 255]
  [255 255 255 255]
  [255 255 255 255]
  ...
  [255 255 255 255]
  [255 255 255 255]
  [255 255 255 255]]

 [[255 255 255 255]
  [255 255 255 255]
  [255 255 255 255]
  ...
  [255 255 255 255]
  [255 255 255 255]
  [255 255 255 255]]

 [[255 255 255 255]
  [255 255 255 255]
  [255 255 255 255]
  ...
  [255 255 255 255]
  [255 255 255 255]
  [255 255 255 255]]]","[[[255 255 255 255]
  [255 255 255 255]
  [255 255 255 255]
  ...
  [255 255 255 255]
  [255 255 255 255]
  [255 255 255 255]]

 [[255 255 255 255]
  [255 255 255 255]
  [255 255 255 255]
  ...
  [255 255 255 255]
  [255 255 255 255]
  [255 255 255 255]]

 [[255 255 255 255]
  [255 255 255 255]
  [255 255 255 255]
  ...
  [255 255 255 255]
  [255 255 255 255]
  [255 255 255 255]]

 ...

 [[255 255 255 255]
  [255 255 255 255]
  [255 255 255 255]
  ...
  [255 255 255 255]
  [255 255 255 255]
  [255 255 255 255]]

 [[255 255 255 255]
  [255 255 255 255]
  [255 255 255 255]
  ...
  [255 255 255 255]
  [255 255 255 255]
  [255 255 255 255]]

 [[255 255 255 255]
  [255 255 255 255]
  [255 255 255 255]
  ...
  [255 255 255 255]
  [255 255 255 255]
  [255 255 255 255]]]","[[[255 255 255 255]
  [255 255 255 255]
  [255 255 255 255]
  ...
  [255 255 255 255]
  [255 255 255 255]
  [255 255 255 255]]

 [[255 255 255 255]
  [255 255 255 255]
  [255 255 255 255]
  ...
  [255 255 255 255]
  [255 255 255 255]
  [255 255 255 255]]

 [[255 255 255 255]
  [255 255 255 255]
  [255 255 255 255]
  ...
  [255 255 255 255]
  [255 255 255 255]
  [255 255 255 255]]

 ...

 [[255 255 255 255]
  [255 255 255 255]
  [255 255 255 255]
  ...
  [255 255 255 255]
  [255 255 255 255]
  [255 255 255 255]]

 [[255 255 255 255]
  [255 255 255 255]
  [255 255 255 255]
  ...
  [255 255 255 255]
  [255 255 255 255]
  [255 255 255 255]]

 [[255 255 255 255]
  [255 255 255 255]
  [255 255 255 255]
  ...
  [255 255 255 255]
  [255 255 255 255]
  [255 255 255 255]]]","[[[255 255 255 255]
  [255 255 255 255]
  [255 255 255 255]
  ...
  [255 255 255 255]
  [255 255 255 255]
  [255 255 255 255]]

 [[255 255 255 255]
  [255 255 255 255]
  [255 255 255 255]
  ...
  [255 255 255 255]
  [255 255 255 255]
  [255 255 255 255]]

 [[255 255 255 255]
  [255 255 255 255]
  [255 255 255 255]
  ...
  [255 255 255 255]
  [255 255 255 255]
  [255 255 255 255]]

 ...

 [[255 255 255 255]
  [255 255 255 255]
  [255 255 255 255]
  ...
  [255 255 255 255]
  [255 255 255 255]
  [255 255 255 255]]

 [[255 255 255 255]
  [255 255 255 255]
  [255 255 255 255]
  ...
  [255 255 255 255]
  [255 255 255 255]
  [255 255 255 255]]

 [[255 255 255 255]
  [255 255 255 255]
  [255 255 255 255]
  ...
  [255 255 255 255]
  [255 255 255 255]
  [255 255 255 255]]]"
8,6,"[[[255 255 255 255]
  [255 255 255 255]
  [255 255 255 255]
  ...
  [255 255 255 255]
  [255 255 255 255]
  [255 255 255 255]]

 [[255 255 255 255]
  [255 255 255 255]
  [255 255 255 255]
  ...
  [255 255 255 255]
  [255 255 255 255]
  [255 255 255 255]]

 [[255 255 255 255]
  [255 255 255 255]
  [255 255 255 255]
  ...
  [255 255 255 255]
  [255 255 255 255]
  [255 255 255 255]]

 ...

 [[255 255 255 255]
  [255 255 255 255]
  [255 255 255 255]
  ...
  [255 255 255 255]
  [255 255 255 255]
  [255 255 255 255]]

 [[255 255 255 255]
  [255 255 255 255]
  [255 255 255 255]
  ...
  [255 255 255 255]
  [255 255 255 255]
  [255 255 255 255]]

 [[255 255 255 255]
  [255 255 255 255]
  [255 255 255 255]
  ...
  [255 255 255 255]
  [255 255 255 255]
  [255 255 255 255]]]","[[[255 255 255 255]
  [255 255 255 255]
  [255 255 255 255]
  ...
  [255 255 255 255]
  [255 255 255 255]
  [255 255 255 255]]

 [[255 255 255 255]
  [255 255 255 255]
  [255 255 255 255]
  ...
  [255 255 255 255]
  [255 255 255 255]
  [255 255 255 255]]

 [[255 255 255 255]
  [255 255 255 255]
  [255 255 255 255]
  ...
  [255 255 255 255]
  [255 255 255 255]
  [255 255 255 255]]

 ...

 [[255 255 255 255]
  [255 255 255 255]
  [255 255 255 255]
  ...
  [255 255 255 255]
  [255 255 255 255]
  [255 255 255 255]]

 [[255 255 255 255]
  [255 255 255 255]
  [255 255 255 255]
  ...
  [255 255 255 255]
  [255 255 255 255]
  [255 255 255 255]]

 [[255 255 255 255]
  [255 255 255 255]
  [255 255 255 255]
  ...
  [255 255 255 255]
  [255 255 255 255]
  [255 255 255 255]]]","[[[255 255 255 255]
  [255 255 255 255]
  [255 255 255 255]
  ...
  [255 255 255 255]
  [255 255 255 255]
  [255 255 255 255]]

 [[255 255 255 255]
  [255 255 255 255]
  [255 255 255 255]
  ...
  [255 255 255 255]
  [255 255 255 255]
  [255 255 255 255]]

 [[255 255 255 255]
  [255 255 255 255]
  [255 255 255 255]
  ...
  [255 255 255 255]
  [255 255 255 255]
  [255 255 255 255]]

 ...

 [[255 255 255 255]
  [255 255 255 255]
  [255 255 255 255]
  ...
  [255 255 255 255]
  [255 255 255 255]
  [255 255 255 255]]

 [[255 255 255 255]
  [255 255 255 255]
  [255 255 255 255]
  ...
  [255 255 255 255]
  [255 255 255 255]
  [255 255 255 255]]

 [[255 255 255 255]
  [255 255 255 255]
  [255 255 255 255]
  ...
  [255 255 255 255]
  [255 255 255 255]
  [255 255 255 255]]]","[[[255 255 255 255]
  [255 255 255 255]
  [255 255 255 255]
  ...
  [255 255 255 255]
  [255 255 255 255]
  [255 255 255 255]]

 [[255 255 255 255]
  [255 255 255 255]
  [255 255 255 255]
  ...
  [255 255 255 255]
  [255 255 255 255]
  [255 255 255 255]]

 [[255 255 255 255]
  [255 255 255 255]
  [255 255 255 255]
  ...
  [255 255 255 255]
  [255 255 255 255]
  [255 255 255 255]]

 ...

 [[255 255 255 255]
  [255 255 255 255]
  [255 255 255 255]
  ...
  [255 255 255 255]
  [255 255 255 255]
  [255 255 255 255]]

 [[255 255 255 255]
  [255 255 255 255]
  [255 255 255 255]
  ...
  [255 255 255 255]
  [255 255 255 255]
  [255 255 255 255]]

 [[255 255 255 255]
  [255 255 255 255]
  [255 255 255 255]
  ...
  [255 255 255 255]
  [255 255 255 255]
  [255 255 255 255]]]"
9,7,"[[[255 255 255 255]
  [255 255 255 255]
  [255 255 255 255]
  ...
  [255 255 255 255]
  [255 255 255 255]
  [255 255 255 255]]

 [[255 255 255 255]
  [255 255 255 255]
  [255 255 255 255]
  ...
  [255 255 255 255]
  [255 255 255 255]
  [255 255 255 255]]

 [[255 255 255 255]
  [255 255 255 255]
  [255 255 255 255]
  ...
  [255 255 255 255]
  [255 255 255 255]
  [255 255 255 255]]

 ...

 [[255 255 255 255]
  [255 255 255 255]
  [255 255 255 255]
  ...
  [255 255 255 255]
  [255 255 255 255]
  [255 255 255 255]]

 [[255 255 255 255]
  [255 255 255 255]
  [255 255 255 255]
  ...
  [255 255 255 255]
  [255 255 255 255]
  [255 255 255 255]]

 [[255 255 255 255]
  [255 255 255 255]
  [255 255 255 255]
  ...
  [255 255 255 255]
  [255 255 255 255]
  [255 255 255 255]]]","[[[255 255 255 255]
  [255 255 255 255]
  [255 255 255 255]
  ...
  [255 255 255 255]
  [255 255 255 255]
  [255 255 255 255]]

 [[255 255 255 255]
  [255 255 255 255]
  [255 255 255 255]
  ...
  [255 255 255 255]
  [255 255 255 255]
  [255 255 255 255]]

 [[255 255 255 255]
  [255 255 255 255]
  [255 255 255 255]
  ...
  [255 255 255 255]
  [255 255 255 255]
  [255 255 255 255]]

 ...

 [[255 255 255 255]
  [255 255 255 255]
  [255 255 255 255]
  ...
  [255 255 255 255]
  [255 255 255 255]
  [255 255 255 255]]

 [[255 255 255 255]
  [255 255 255 255]
  [255 255 255 255]
  ...
  [255 255 255 255]
  [255 255 255 255]
  [255 255 255 255]]

 [[255 255 255 255]
  [255 255 255 255]
  [255 255 255 255]
  ...
  [255 255 255 255]
  [255 255 255 255]
  [255 255 255 255]]]","[[[255 255 255 255]
  [255 255 255 255]
  [255 255 255 255]
  ...
  [255 255 255 255]
  [255 255 255 255]
  [255 255 255 255]]

 [[255 255 255 255]
  [255 255 255 255]
  [255 255 255 255]
  ...
  [255 255 255 255]
  [255 255 255 255]
  [255 255 255 255]]

 [[255 255 255 255]
  [255 255 255 255]
  [255 255 255 255]
  ...
  [255 255 255 255]
  [255 255 255 255]
  [255 255 255 255]]

 ...

 [[255 255 255 255]
  [255 255 255 255]
  [255 255 255 255]
  ...
  [255 255 255 255]
  [255 255 255 255]
  [255 255 255 255]]

 [[255 255 255 255]
  [255 255 255 255]
  [255 255 255 255]
  ...
  [255 255 255 255]
  [255 255 255 255]
  [255 255 255 255]]

 [[255 255 255 255]
  [255 255 255 255]
  [255 255 255 255]
  ...
  [255 255 255 255]
  [255 255 255 255]
  [255 255 255 255]]]","[[[255 255 255 255]
  [255 255 255 255]
  [255 255 255 255]
  ...
  [255 255 255 255]
  [255 255 255 255]
  [255 255 255 255]]

 [[255 255 255 255]
  [255 255 255 255]
  [255 255 255 255]
  ...
  [255 255 255 255]
  [255 255 255 255]
  [255 255 255 255]]

 [[255 255 255 255]
  [255 255 255 255]
  [255 255 255 255]
  ...
  [255 255 255 255]
  [255 255 255 255]
  [255 255 255 255]]

 ...

 [[255 255 255 255]
  [255 255 255 255]
  [255 255 255 255]
  ...
  [255 255 255 255]
  [255 255 255 255]
  [255 255 255 255]]

 [[255 255 255 255]
  [255 255 255 255]
  [255 255 255 255]
  ...
  [255 255 255 255]
  [255 255 255 255]
  [255 255 255 255]]

 [[255 255 255 255]
  [255 255 255 255]
  [255 255 255 255]
  ...
  [255 255 255 255]
  [255 255 255 255]
  [255 255 255 255]]]"
10,70-1,"[[[255 255 255 255]
  [255 255 255 255]
  [255 255 255 255]
  ...
  [255 255 255 255]
  [255 255 255 255]
  [255 255 255 255]]

 [[255 255 255 255]
  [255 255 255 255]
  [255 255 255 255]
  ...
  [255 255 255 255]
  [255 255 255 255]
  [255 255 255 255]]

 [[255 255 255 255]
  [255 255 255 255]
  [255 255 255 255]
  ...
  [255 255 255 255]
  [255 255 255 255]
  [255 255 255 255]]

 ...

 [[255 255 255 255]
  [255 255 255 255]
  [255 255 255 255]
  ...
  [255 255 255 255]
  [255 255 255 255]
  [255 255 255 255]]

 [[255 255 255 255]
  [255 255 255 255]
  [255 255 255 255]
  ...
  [255 255 255 255]
  [255 255 255 255]
  [255 255 255 255]]

 [[255 255 255 255]
  [255 255 255 255]
  [255 255 255 255]
  ...
  [255 255 255 255]
  [255 255 255 255]
  [255 255 255 255]]]","[[[255 255 255 255]
  [255 255 255 255]
  [255 255 255 255]
  ...
  [255 255 255 255]
  [255 255 255 255]
  [255 255 255 255]]

 [[255 255 255 255]
  [255 255 255 255]
  [255 255 255 255]
  ...
  [255 255 255 255]
  [255 255 255 255]
  [255 255 255 255]]

 [[255 255 255 255]
  [255 255 255 255]
  [255 255 255 255]
  ...
  [255 255 255 255]
  [255 255 255 255]
  [255 255 255 255]]

 ...

 [[255 255 255 255]
  [255 255 255 255]
  [255 255 255 255]
  ...
  [255 255 255 255]
  [255 255 255 255]
  [255 255 255 255]]

 [[255 255 255 255]
  [255 255 255 255]
  [255 255 255 255]
  ...
  [255 255 255 255]
  [255 255 255 255]
  [255 255 255 255]]

 [[255 255 255 255]
  [255 255 255 255]
  [255 255 255 255]
  ...
  [255 255 255 255]
  [255 255 255 255]
  [255 255 255 255]]]","[[[255 255 255 255]
  [255 255 255 255]
  [255 255 255 255]
  ...
  [255 255 255 255]
  [255 255 255 255]
  [255 255 255 255]]

 [[255 255 255 255]
  [255 255 255 255]
  [255 255 255 255]
  ...
  [255 255 255 255]
  [255 255 255 255]
  [255 255 255 255]]

 [[255 255 255 255]
  [255 255 255 255]
  [255 255 255 255]
  ...
  [255 255 255 255]
  [255 255 255 255]
  [255 255 255 255]]

 ...

 [[255 255 255 255]
  [255 255 255 255]
  [255 255 255 255]
  ...
  [255 255 255 255]
  [255 255 255 255]
  [255 255 255 255]]

 [[255 255 255 255]
  [255 255 255 255]
  [255 255 255 255]
  ...
  [255 255 255 255]
  [255 255 255 255]
  [255 255 255 255]]

 [[255 255 255 255]
  [255 255 255 255]
  [255 255 255 255]
  ...
  [255 255 255 255]
  [255 255 255 255]
  [255 255 255 255]]]","[[[255 255 255 255]
  [255 255 255 255]
  [255 255 255 255]
  ...
  [255 255 255 255]
  [255 255 255 255]
  [255 255 255 255]]

 [[255 255 255 255]
  [255 255 255 255]
  [255 255 255 255]
  ...
  [255 255 255 255]
  [255 255 255 255]
  [255 255 255 255]]

 [[255 255 255 255]
  [255 255 255 255]
  [255 255 255 255]
  ...
  [255 255 255 255]
  [255 255 255 255]
  [255 255 255 255]]

 ...

 [[255 255 255 255]
  [255 255 255 255]
  [255 255 255 255]
  ...
  [255 255 255 255]
  [255 255 255 255]
  [255 255 255 255]]

 [[255 255 255 255]
  [255 255 255 255]
  [255 255 255 255]
  ...
  [255 255 255 255]
  [255 255 255 255]
  [255 255 255 255]]

 [[255 255 255 255]
  [255 255 255 255]
  [255 255 255 255]
  ...
  [255 255 255 255]
  [255 255 255 255]
  [255 255 255 255]]]"
11,70-4,"[[[255 255 255 255]
  [255 255 255 255]
  [255 255 255 255]
  ...
  [255 255 255 255]
  [255 255 255 255]
  [255 255 255 255]]

 [[255 255 255 255]
  [255 255 255 255]
  [255 255 255 255]
  ...
  [255 255 255 255]
  [255 255 255 255]
  [255 255 255 255]]

 [[255 255 255 255]
  [255 255 255 255]
  [255 255 255 255]
  ...
  [255 255 255 255]
  [255 255 255 255]
  [255 255 255 255]]

 ...

 [[255 255 255 255]
  [255 255 255 255]
  [255 255 255 255]
  ...
  [255 255 255 255]
  [255 255 255 255]
  [255 255 255 255]]

 [[255 255 255 255]
  [255 255 255 255]
  [255 255 255 255]
  ...
  [255 255 255 255]
  [255 255 255 255]
  [255 255 255 255]]

 [[255 255 255 255]
  [255 255 255 255]
  [255 255 255 255]
  ...
  [255 255 255 255]
  [255 255 255 255]
  [255 255 255 255]]]","[[[255 255 255 255]
  [255 255 255 255]
  [255 255 255 255]
  ...
  [255 255 255 255]
  [255 255 255 255]
  [255 255 255 255]]

 [[255 255 255 255]
  [255 255 255 255]
  [255 255 255 255]
  ...
  [255 255 255 255]
  [255 255 255 255]
  [255 255 255 255]]

 [[255 255 255 255]
  [255 255 255 255]
  [255 255 255 255]
  ...
  [255 255 255 255]
  [255 255 255 255]
  [255 255 255 255]]

 ...

 [[255 255 255 255]
  [255 255 255 255]
  [255 255 255 255]
  ...
  [255 255 255 255]
  [255 255 255 255]
  [255 255 255 255]]

 [[255 255 255 255]
  [255 255 255 255]
  [255 255 255 255]
  ...
  [255 255 255 255]
  [255 255 255 255]
  [255 255 255 255]]

 [[255 255 255 255]
  [255 255 255 255]
  [255 255 255 255]
  ...
  [255 255 255 255]
  [255 255 255 255]
  [255 255 255 255]]]","[[[255 255 255 255]
  [255 255 255 255]
  [255 255 255 255]
  ...
  [255 255 255 255]
  [255 255 255 255]
  [255 255 255 255]]

 [[255 255 255 255]
  [255 255 255 255]
  [255 255 255 255]
  ...
  [255 255 255 255]
  [255 255 255 255]
  [255 255 255 255]]

 [[255 255 255 255]
  [255 255 255 255]
  [255 255 255 255]
  ...
  [255 255 255 255]
  [255 255 255 255]
  [255 255 255 255]]

 ...

 [[255 255 255 255]
  [255 255 255 255]
  [255 255 255 255]
  ...
  [255 255 255 255]
  [255 255 255 255]
  [255 255 255 255]]

 [[255 255 255 255]
  [255 255 255 255]
  [255 255 255 255]
  ...
  [255 255 255 255]
  [255 255 255 255]
  [255 255 255 255]]

 [[255 255 255 255]
  [255 255 255 255]
  [255 255 255 255]
  ...
  [255 255 255 255]
  [255 255 255 255]
  [255 255 255 255]]]","[[[255 255 255 255]
  [255 255 255 255]
  [255 255 255 255]
  ...
  [255 255 255 255]
  [255 255 255 255]
  [255 255 255 255]]

 [[255 255 255 255]
  [255 255 255 255]
  [255 255 255 255]
  ...
  [255 255 255 255]
  [255 255 255 255]
  [255 255 255 255]]

 [[255 255 255 255]
  [255 255 255 255]
  [255 255 255 255]
  ...
  [255 255 255 255]
  [255 255 255 255]
  [255 255 255 255]]

 ...

 [[255 255 255 255]
  [255 255 255 255]
  [255 255 255 255]
  ...
  [255 255 255 255]
  [255 255 255 255]
  [255 255 255 255]]

 [[255 255 255 255]
  [255 255 255 255]
  [255 255 255 255]
  ...
  [255 255 255 255]
  [255 255 255 255]
  [255 255 255 255]]

 [[255 255 255 255]
  [255 255 255 255]
  [255 255 255 255]
  ...
  [255 255 255 255]
  [255 255 255 255]
  [255 255 255 255]]]"
12,75,"[[[255 255 255 255]
  [255 255 255 255]
  [255 255 255 255]
  ...
  [255 255 255 255]
  [255 255 255 255]
  [255 255 255 255]]

 [[255 255 255 255]
  [255 255 255 255]
  [255 255 255 255]
  ...
  [255 255 255 255]
  [255 255 255 255]
  [255 255 255 255]]

 [[255 255 255 255]
  [255 255 255 255]
  [255 255 255 255]
  ...
  [255 255 255 255]
  [255 255 255 255]
  [255 255 255 255]]

 ...

 [[255 255 255 255]
  [255 255 255 255]
  [255 255 255 255]
  ...
  [255 255 255 255]
  [255 255 255 255]
  [255 255 255 255]]

 [[255 255 255 255]
  [255 255 255 255]
  [255 255 255 255]
  ...
  [255 255 255 255]
  [255 255 255 255]
  [255 255 255 255]]

 [[255 255 255 255]
  [255 255 255 255]
  [255 255 255 255]
  ...
  [255 255 255 255]
  [255 255 255 255]
  [255 255 255 255]]]","[[[255 255 255 255]
  [255 255 255 255]
  [255 255 255 255]
  ...
  [255 255 255 255]
  [255 255 255 255]
  [255 255 255 255]]

 [[255 255 255 255]
  [255 255 255 255]
  [255 255 255 255]
  ...
  [255 255 255 255]
  [255 255 255 255]
  [255 255 255 255]]

 [[255 255 255 255]
  [255 255 255 255]
  [255 255 255 255]
  ...
  [255 255 255 255]
  [255 255 255 255]
  [255 255 255 255]]

 ...

 [[255 255 255 255]
  [255 255 255 255]
  [255 255 255 255]
  ...
  [255 255 255 255]
  [255 255 255 255]
  [255 255 255 255]]

 [[255 255 255 255]
  [255 255 255 255]
  [255 255 255 255]
  ...
  [255 255 255 255]
  [255 255 255 255]
  [255 255 255 255]]

 [[255 255 255 255]
  [255 255 255 255]
  [255 255 255 255]
  ...
  [255 255 255 255]
  [255 255 255 255]
  [255 255 255 255]]]","[[[255 255 255 255]
  [255 255 255 255]
  [255 255 255 255]
  ...
  [255 255 255 255]
  [255 255 255 255]
  [255 255 255 255]]

 [[255 255 255 255]
  [255 255 255 255]
  [255 255 255 255]
  ...
  [255 255 255 255]
  [255 255 255 255]
  [255 255 255 255]]

 [[255 255 255 255]
  [255 255 255 255]
  [255 255 255 255]
  ...
  [255 255 255 255]
  [255 255 255 255]
  [255 255 255 255]]

 ...

 [[255 255 255 255]
  [255 255 255 255]
  [255 255 255 255]
  ...
  [255 255 255 255]
  [255 255 255 255]
  [255 255 255 255]]

 [[255 255 255 255]
  [255 255 255 255]
  [255 255 255 255]
  ...
  [255 255 255 255]
  [255 255 255 255]
  [255 255 255 255]]

 [[255 255 255 255]
  [255 255 255 255]
  [255 255 255 255]
  ...
  [255 255 255 255]
  [255 255 255 255]
  [255 255 255 255]]]","[[[255 255 255 255]
  [255 255 255 255]
  [255 255 255 255]
  ...
  [255 255 255 255]
  [255 255 255 255]
  [255 255 255 255]]

 [[255 255 255 255]
  [255 255 255 255]
  [255 255 255 255]
  ...
  [255 255 255 255]
  [255 255 255 255]
  [255 255 255 255]]

 [[255 255 255 255]
  [255 255 255 255]
  [255 255 255 255]
  ...
  [255 255 255 255]
  [255 255 255 255]
  [255 255 255 255]]

 ...

 [[255 255 255 255]
  [255 255 255 255]
  [255 255 255 255]
  ...
  [255 255 255 255]
  [255 255 255 255]
  [255 255 255 255]]

 [[255 255 255 255]
  [255 255 255 255]
  [255 255 255 255]
  ...
  [255 255 255 255]
  [255 255 255 255]
  [255 255 255 255]]

 [[255 255 255 255]
  [255 255 255 255]
  [255 255 255 255]
  ...
  [255 255 255 255]
  [255 255 255 255]
  [255 255 255 255]]]"
13,8,"[[[255 255 255 255]
  [255 255 255 255]
  [255 255 255 255]
  ...
  [255 255 255 255]
  [255 255 255 255]
  [255 255 255 255]]

 [[255 255 255 255]
  [255 255 255 255]
  [255 255 255 255]
  ...
  [255 255 255 255]
  [255 255 255 255]
  [255 255 255 255]]

 [[255 255 255 255]
  [255 255 255 255]
  [255 255 255 255]
  ...
  [255 255 255 255]
  [255 255 255 255]
  [255 255 255 255]]

 ...

 [[255 255 255 255]
  [255 255 255 255]
  [255 255 255 255]
  ...
  [255 255 255 255]
  [255 255 255 255]
  [255 255 255 255]]

 [[255 255 255 255]
  [255 255 255 255]
  [255 255 255 255]
  ...
  [255 255 255 255]
  [255 255 255 255]
  [255 255 255 255]]

 [[255 255 255 255]
  [255 255 255 255]
  [255 255 255 255]
  ...
  [255 255 255 255]
  [255 255 255 255]
  [255 255 255 255]]]","[[[255 255 255 255]
  [255 255 255 255]
  [255 255 255 255]
  ...
  [255 255 255 255]
  [255 255 255 255]
  [255 255 255 255]]

 [[255 255 255 255]
  [255 255 255 255]
  [255 255 255 255]
  ...
  [255 255 255 255]
  [255 255 255 255]
  [255 255 255 255]]

 [[255 255 255 255]
  [255 255 255 255]
  [255 255 255 255]
  ...
  [255 255 255 255]
  [255 255 255 255]
  [255 255 255 255]]

 ...

 [[255 255 255 255]
  [255 255 255 255]
  [255 255 255 255]
  ...
  [255 255 255 255]
  [255 255 255 255]
  [255 255 255 255]]

 [[255 255 255 255]
  [255 255 255 255]
  [255 255 255 255]
  ...
  [255 255 255 255]
  [255 255 255 255]
  [255 255 255 255]]

 [[255 255 255 255]
  [255 255 255 255]
  [255 255 255 255]
  ...
  [255 255 255 255]
  [255 255 255 255]
  [255 255 255 255]]]","[[[255 255 255 255]
  [255 255 255 255]
  [255 255 255 255]
  ...
  [255 255 255 255]
  [255 255 255 255]
  [255 255 255 255]]

 [[255 255 255 255]
  [255 255 255 255]
  [255 255 255 255]
  ...
  [255 255 255 255]
  [255 255 255 255]
  [255 255 255 255]]

 [[255 255 255 255]
  [255 255 255 255]
  [255 255 255 255]
  ...
  [255 255 255 255]
  [255 255 255 255]
  [255 255 255 255]]

 ...

 [[255 255 255 255]
  [255 255 255 255]
  [255 255 255 255]
  ...
  [255 255 255 255]
  [255 255 255 255]
  [255 255 255 255]]

 [[255 255 255 255]
  [255 255 255 255]
  [255 255 255 255]
  ...
  [255 255 255 255]
  [255 255 255 255]
  [255 255 255 255]]

 [[255 255 255 255]
  [255 255 255 255]
  [255 255 255 255]
  ...
  [255 255 255 255]
  [255 255 255 255]
  [255 255 255 255]]]","[[[255 255 255 255]
  [255 255 255 255]
  [255 255 255 255]
  ...
  [255 255 255 255]
  [255 255 255 255]
  [255 255 255 255]]

 [[255 255 255 255]
  [255 255 255 255]
  [255 255 255 255]
  ...
  [255 255 255 255]
  [255 255 255 255]
  [255 255 255 255]]

 [[255 255 255 255]
  [255 255 255 255]
  [255 255 255 255]
  ...
  [255 255 255 255]
  [255 255 255 255]
  [255 255 255 255]]

 ...

 [[255 255 255 255]
  [255 255 255 255]
  [255 255 255 255]
  ...
  [255 255 255 255]
  [255 255 255 255]
  [255 255 255 255]]

 [[255 255 255 255]
  [255 255 255 255]
  [255 255 255 255]
  ...
  [255 255 255 255]
  [255 255 255 255]
  [255 255 255 255]]

 [[255 255 255 255]
  [255 255 255 255]
  [255 255 255 255]
  ...
  [255 255 255 255]
  [255 255 255 255]
  [255 255 255 255]]]"
14,98-1,"[[[255 255 255 255]
  [255 255 255 255]
  [255 255 255 255]
  ...
  [255 255 255 255]
  [255 255 255 255]
  [255 255 255 255]]

 [[255 255 255 255]
  [255 255 255 255]
  [255 255 255 255]
  ...
  [255 255 255 255]
  [255 255 255 255]
  [255 255 255 255]]

 [[255 255 255 255]
  [255 255 255 255]
  [255 255 255 255]
  ...
  [255 255 255 255]
  [255 255 255 255]
  [255 255 255 255]]

 ...

 [[255 255 255 255]
  [255 255 255 255]
  [255 255 255 255]
  ...
  [255 255 255 255]
  [255 255 255 255]
  [255 255 255 255]]

 [[255 255 255 255]
  [255 255 255 255]
  [255 255 255 255]
  ...
  [255 255 255 255]
  [255 255 255 255]
  [255 255 255 255]]

 [[255 255 255 255]
  [255 255 255 255]
  [255 255 255 255]
  ...
  [255 255 255 255]
  [255 255 255 255]
  [255 255 255 255]]]","[[[255 255 255 255]
  [255 255 255 255]
  [255 255 255 255]
  ...
  [255 255 255 255]
  [255 255 255 255]
  [255 255 255 255]]

 [[255 255 255 255]
  [255 255 255 255]
  [255 255 255 255]
  ...
  [255 255 255 255]
  [255 255 255 255]
  [255 255 255 255]]

 [[255 255 255 255]
  [255 255 255 255]
  [255 255 255 255]
  ...
  [255 255 255 255]
  [255 255 255 255]
  [255 255 255 255]]

 ...

 [[255 255 255 255]
  [255 255 255 255]
  [255 255 255 255]
  ...
  [255 255 255 255]
  [255 255 255 255]
  [255 255 255 255]]

 [[255 255 255 255]
  [255 255 255 255]
  [255 255 255 255]
  ...
  [255 255 255 255]
  [255 255 255 255]
  [255 255 255 255]]

 [[255 255 255 255]
  [255 255 255 255]
  [255 255 255 255]
  ...
  [255 255 255 255]
  [255 255 255 255]
  [255 255 255 255]]]","[[[255 255 255 255]
  [255 255 255 255]
  [255 255 255 255]
  ...
  [255 255 255 255]
  [255 255 255 255]
  [255 255 255 255]]

 [[255 255 255 255]
  [255 255 255 255]
  [255 255 255 255]
  ...
  [255 255 255 255]
  [255 255 255 255]
  [255 255 255 255]]

 [[255 255 255 255]
  [255 255 255 255]
  [255 255 255 255]
  ...
  [255 255 255 255]
  [255 255 255 255]
  [255 255 255 255]]

 ...

 [[255 255 255 255]
  [255 255 255 255]
  [255 255 255 255]
  ...
  [255 255 255 255]
  [255 255 255 255]
  [255 255 255 255]]

 [[255 255 255 255]
  [255 255 255 255]
  [255 255 255 255]
  ...
  [255 255 255 255]
  [255 255 255 255]
  [255 255 255 255]]

 [[255 255 255 255]
  [255 255 255 255]
  [255 255 255 255]
  ...
  [255 255 255 255]
  [255 255 255 255]
  [255 255 255 255]]]","[[[255 255 255 255]
  [255 255 255 255]
  [255 255 255 255]
  ...
  [255 255 255 255]
  [255 255 255 255]
  [255 255 255 255]]

 [[255 255 255 255]
  [255 255 255 255]
  [255 255 255 255]
  ...
  [255 255 255 255]
  [255 255 255 255]
  [255 255 255 255]]

 [[255 255 255 255]
  [255 255 255 255]
  [255 255 255 255]
  ...
  [255 255 255 255]
  [255 255 255 255]
  [255 255 255 255]]

 ...

 [[255 255 255 255]
  [255 255 255 255]
  [255 255 255 255]
  ...
  [255 255 255 255]
  [255 255 255 255]
  [255 255 255 255]]

 [[255 255 255 255]
  [255 255 255 255]
  [255 255 255 255]
  ...
  [255 255 255 255]
  [255 255 255 255]
  [255 255 255 255]]

 [[255 255 255 255]
  [255 255 255 255]
  [255 255 255 255]
  ...
  [255 255 255 255]
  [255 255 255 255]
  [255 255 255 255]]]"
